{"nwrmsle": 0.743416398731014, "r2_score": 0.10865649241119235}